{"entities":{"pages":{"-lk57cy_3":{"id":"-lk57cy_3","title":"Sissejuhatus","level":0,"pages":["Eesmärk","Kasutamine","Ohutus"],"tabIndex":1},"Eesmärk":{"id":"Eesmärk","title":"Käsiraamatu eesmärk","url":"eesmärk.html","level":1,"parentId":"-lk57cy_3","tabIndex":0},"Kasutamine":{"id":"Kasutamine","title":"Kuidas seda käsiraamatut kasutada","url":"kasutamine.html","level":1,"parentId":"-lk57cy_3","tabIndex":1},"Ohutus":{"id":"Ohutus","title":"Ohutusalased ettevaatusabinõud","url":"ohutus.html","level":1,"parentId":"-lk57cy_3","tabIndex":2},"Alused":{"id":"Alused","title":"Audio-, video- ja valgustuse alused","url":"alused.html","level":0,"pages":["Valgus","Video","Heli"],"tabIndex":2},"Valgus":{"id":"Valgus","title":"Põhiline heliteooria","url":"valgus.html","level":1,"parentId":"Alused","tabIndex":0},"Video":{"id":"Video","title":"Põhiline videoteooria","url":"video.html","level":1,"parentId":"Alused","tabIndex":1},"Heli":{"id":"Heli","title":"Põhiline valgusteooria","url":"heli.html","level":1,"parentId":"Alused","tabIndex":2},"Kaablid, ühendused ja signaalid":{"id":"Kaablid, ühendused ja signaalid","title":"Kaablid, ühendused ja signaalid","url":"kaablid-ühendused-ja-signaalid.html","level":0,"pages":[""],"tabIndex":3},"":{"id":"","level":1,"parentId":"Kaablid, ühendused ja signaalid","tabIndex":0}}},"topLevelIds":["-lk57cy_3","Alused","Kaablid, ühendused ja signaalid"]}